Normal outputs,flag,username,timestamp
"[{""path"": ""gradio_cached_examples/examples_image/Normal outputs/63b9e1b535e4d0ae2bd5/image.png"", ""url"": ""/file=/tmp/gradio/783c9ea762c5839bff5c0e4141667f38898b8404/image.png"", ""size"": null, ""orig_name"": null, ""mime_type"": null, ""is_stream"": false, ""meta"": {""_type"": ""gradio.FileData""}}, {""path"": ""gradio_cached_examples/examples_image/Normal outputs/cdf2001052cc2bc026e6/001-pokemon_normal_colored.png"", ""url"": ""/file=/tmp/gradio/9b9180eab088ce45e2662918ccbe7161c9a532fc/001-pokemon_normal_colored.png"", ""size"": null, ""orig_name"": null, ""mime_type"": null, ""is_stream"": false, ""meta"": {""_type"": ""gradio.FileData""}}]",,,2024-06-07 17:13:09.197415
"[{""path"": ""gradio_cached_examples/examples_image/Normal outputs/62a2f5333c35c23a210f/image.png"", ""url"": ""/file=/tmp/gradio/6182749d507df7a7284be17f54cc2a09111b7056/image.png"", ""size"": null, ""orig_name"": null, ""mime_type"": null, ""is_stream"": false, ""meta"": {""_type"": ""gradio.FileData""}}, {""path"": ""gradio_cached_examples/examples_image/Normal outputs/6262a7df7ae0111725af/002-pokemon_normal_colored.png"", ""url"": ""/file=/tmp/gradio/4764c7c2f9f5d197d7292f908b73407cafb0b184/002-pokemon_normal_colored.png"", ""size"": null, ""orig_name"": null, ""mime_type"": null, ""is_stream"": false, ""meta"": {""_type"": ""gradio.FileData""}}]",,,2024-06-07 17:13:09.884060
"[{""path"": ""gradio_cached_examples/examples_image/Normal outputs/ec809a4d72d316f408f7/image.png"", ""url"": ""/file=/tmp/gradio/38ce68b0e976c9563099d0bc56f2a8c59b367e16/image.png"", ""size"": null, ""orig_name"": null, ""mime_type"": null, ""is_stream"": false, ""meta"": {""_type"": ""gradio.FileData""}}, {""path"": ""gradio_cached_examples/examples_image/Normal outputs/30a069fb4e7c9f4f9d42/003-i16_normal_colored.png"", ""url"": ""/file=/tmp/gradio/c969a9cbed5abd61d27d211436854845999415e9/003-i16_normal_colored.png"", ""size"": null, ""orig_name"": null, ""mime_type"": null, ""is_stream"": false, ""meta"": {""_type"": ""gradio.FileData""}}]",,,2024-06-07 17:13:11.070326
"[{""path"": ""gradio_cached_examples/examples_image/Normal outputs/607f923476473a5df16e/image.png"", ""url"": ""/file=/tmp/gradio/c55cfb60a5404f3715ee9086c1a9139465677d24/image.png"", ""size"": null, ""orig_name"": null, ""mime_type"": null, ""is_stream"": false, ""meta"": {""_type"": ""gradio.FileData""}}, {""path"": ""gradio_cached_examples/examples_image/Normal outputs/a533426ec2559d3ab94d/004-i9_normal_colored.png"", ""url"": ""/file=/tmp/gradio/fd29a2e39ba8218a1d6e16a35f71dc9c7887fd32/004-i9_normal_colored.png"", ""size"": null, ""orig_name"": null, ""mime_type"": null, ""is_stream"": false, ""meta"": {""_type"": ""gradio.FileData""}}]",,,2024-06-07 17:13:12.312302
"[{""path"": ""gradio_cached_examples/examples_image/Normal outputs/850ea6d132da3d5f1fc4/image.png"", ""url"": ""/file=/tmp/gradio/7001fff15d0bc4c4858776f8bfa03165ea1039f7/image.png"", ""size"": null, ""orig_name"": null, ""mime_type"": null, ""is_stream"": false, ""meta"": {""_type"": ""gradio.FileData""}}, {""path"": ""gradio_cached_examples/examples_image/Normal outputs/63e08f5e9195a4914946/005-portrait_2_normal_colored.png"", ""url"": ""/file=/tmp/gradio/fc52dd1ef7af529c750b61b4e8fcb2e28b4bc0d1/005-portrait_2_normal_colored.png"", ""size"": null, ""orig_name"": null, ""mime_type"": null, ""is_stream"": false, ""meta"": {""_type"": ""gradio.FileData""}}]",,,2024-06-07 17:13:13.111888
"[{""path"": ""gradio_cached_examples/examples_image/Normal outputs/b95524c1f06082c6c3d5/image.png"", ""url"": ""/file=/tmp/gradio/1eb93fd90d2ab66c4228c0ca618243977aef9353/image.png"", ""size"": null, ""orig_name"": null, ""mime_type"": null, ""is_stream"": false, ""meta"": {""_type"": ""gradio.FileData""}}, {""path"": ""gradio_cached_examples/examples_image/Normal outputs/863d2682f437549c3015/006-portrait_1_normal_colored.png"", ""url"": ""/file=/tmp/gradio/8f803332ef4e53515b53eceb6417745c047a7437/006-portrait_1_normal_colored.png"", ""size"": null, ""orig_name"": null, ""mime_type"": null, ""is_stream"": false, ""meta"": {""_type"": ""gradio.FileData""}}]",,,2024-06-07 17:13:13.921830
"[{""path"": ""gradio_cached_examples/examples_image/Normal outputs/5ff37d1932aedc43b2d5/image.png"", ""url"": ""/file=/tmp/gradio/119512a4935f6bead5134f711bcf5e1e4f132472/image.png"", ""size"": null, ""orig_name"": null, ""mime_type"": null, ""is_stream"": false, ""meta"": {""_type"": ""gradio.FileData""}}, {""path"": ""gradio_cached_examples/examples_image/Normal outputs/12d5781d131967091d4d/007-452de0d99803510d10f7c8a741c5cd35_normal_colored.png"", ""url"": ""/file=/tmp/gradio/7dcf64f98dcf01feab606562c6aa0423a3ad597f/007-452de0d99803510d10f7c8a741c5cd35_normal_colored.png"", ""size"": null, ""orig_name"": null, ""mime_type"": null, ""is_stream"": false, ""meta"": {""_type"": ""gradio.FileData""}}]",,,2024-06-07 17:13:14.618451
"[{""path"": ""gradio_cached_examples/examples_image/Normal outputs/53772be06b6147b451e2/image.png"", ""url"": ""/file=/tmp/gradio/2a4dbfb8d3ae1ea53c3c38c8283a0203875bad60/image.png"", ""size"": null, ""orig_name"": null, ""mime_type"": null, ""is_stream"": false, ""meta"": {""_type"": ""gradio.FileData""}}, {""path"": ""gradio_cached_examples/examples_image/Normal outputs/759f66a6c97374d5b8d8/008-basketball_dog_normal_colored.png"", ""url"": ""/file=/tmp/gradio/80ba402d521543669652b21a0ce15a0e0240992d/008-basketball_dog_normal_colored.png"", ""size"": null, ""orig_name"": null, ""mime_type"": null, ""is_stream"": false, ""meta"": {""_type"": ""gradio.FileData""}}]",,,2024-06-07 17:13:15.303054
"[{""path"": ""gradio_cached_examples/examples_image/Normal outputs/bbda2e250e633db54a4b/image.png"", ""url"": ""/file=/tmp/gradio/a35834ae2fdbb6fa98c53effa4c9da05071d25ea/image.png"", ""size"": null, ""orig_name"": null, ""mime_type"": null, ""is_stream"": false, ""meta"": {""_type"": ""gradio.FileData""}}, {""path"": ""gradio_cached_examples/examples_image/Normal outputs/11dfb23545996a5c17d7/009-GBmIySaXAAA1lkr_normal_colored.png"", ""url"": ""/file=/tmp/gradio/d07009041facdd74c0704c602bc8ecb58031290d/009-GBmIySaXAAA1lkr_normal_colored.png"", ""size"": null, ""orig_name"": null, ""mime_type"": null, ""is_stream"": false, ""meta"": {""_type"": ""gradio.FileData""}}]",,,2024-06-07 17:13:16.110957
"[{""path"": ""gradio_cached_examples/examples_image/Normal outputs/f4255a02b669674350f2/image.png"", ""url"": ""/file=/tmp/gradio/4d8f24a526069b50164b3a048c1e7a3014fa9afe/image.png"", ""size"": null, ""orig_name"": null, ""mime_type"": null, ""is_stream"": false, ""meta"": {""_type"": ""gradio.FileData""}}, {""path"": ""gradio_cached_examples/examples_image/Normal outputs/d856f494ebc57e312859/010-i14_normal_colored.png"", ""url"": ""/file=/tmp/gradio/e934f48ffc2f5d50d924248614954fa8458476a6/010-i14_normal_colored.png"", ""size"": null, ""orig_name"": null, ""mime_type"": null, ""is_stream"": false, ""meta"": {""_type"": ""gradio.FileData""}}]",,,2024-06-07 17:13:17.168071
"[{""path"": ""gradio_cached_examples/examples_image/Normal outputs/492d516158642454ed89/image.png"", ""url"": ""/file=/tmp/gradio/7f6bd91e62387d3987d316813750796db5b3a95a/image.png"", ""size"": null, ""orig_name"": null, ""mime_type"": null, ""is_stream"": false, ""meta"": {""_type"": ""gradio.FileData""}}, {""path"": ""gradio_cached_examples/examples_image/Normal outputs/a5edd57309a1b35b5068/011-book2_normal_colored.png"", ""url"": ""/file=/tmp/gradio/3b4092847341c73eb2a8feccb6e419978684bbc8/011-book2_normal_colored.png"", ""size"": null, ""orig_name"": null, ""mime_type"": null, ""is_stream"": false, ""meta"": {""_type"": ""gradio.FileData""}}]",,,2024-06-07 17:13:18.418368
"[{""path"": ""gradio_cached_examples/examples_image/Normal outputs/fae5a28282c8be338302/image.png"", ""url"": ""/file=/tmp/gradio/fe9aca8a3effb36553a5649fe039078aa82a06c3/image.png"", ""size"": null, ""orig_name"": null, ""mime_type"": null, ""is_stream"": false, ""meta"": {""_type"": ""gradio.FileData""}}, {""path"": ""gradio_cached_examples/examples_image/Normal outputs/ee1bc3e77bc65b646e7b/012-books_normal_colored.png"", ""url"": ""/file=/tmp/gradio/aaa0bdba82e0d6696316b213b108c9bf4296208b/012-books_normal_colored.png"", ""size"": null, ""orig_name"": null, ""mime_type"": null, ""is_stream"": false, ""meta"": {""_type"": ""gradio.FileData""}}]",,,2024-06-07 17:13:19.377787
"[{""path"": ""gradio_cached_examples/examples_image/Normal outputs/7863c1e9bd3e3a8a72b3/image.png"", ""url"": ""/file=/tmp/gradio/08cc5a71cc6e8a70cd76fa7681b5c4c0ad87a687/image.png"", ""size"": null, ""orig_name"": null, ""mime_type"": null, ""is_stream"": false, ""meta"": {""_type"": ""gradio.FileData""}}, {""path"": ""gradio_cached_examples/examples_image/Normal outputs/3a0a350af7e2e6f9a6ef/013-indoor_normal_colored.png"", ""url"": ""/file=/tmp/gradio/ba15a1f641d4a4ead884724954850797c3f697bf/013-indoor_normal_colored.png"", ""size"": null, ""orig_name"": null, ""mime_type"": null, ""is_stream"": false, ""meta"": {""_type"": ""gradio.FileData""}}]",,,2024-06-07 17:13:20.339843
"[{""path"": ""gradio_cached_examples/examples_image/Normal outputs/76320d43619fa4f51c6b/image.png"", ""url"": ""/file=/tmp/gradio/20e1493fddeaf4c70deca9e43ffa11f9cab8e2ea/image.png"", ""size"": null, ""orig_name"": null, ""mime_type"": null, ""is_stream"": false, ""meta"": {""_type"": ""gradio.FileData""}}, {""path"": ""gradio_cached_examples/examples_image/Normal outputs/73163b676defd677c30b/014-libary_normal_colored.png"", ""url"": ""/file=/tmp/gradio/1e6970c3ca9803a65d9ce5c26ef1a55bf13d5416/014-libary_normal_colored.png"", ""size"": null, ""orig_name"": null, ""mime_type"": null, ""is_stream"": false, ""meta"": {""_type"": ""gradio.FileData""}}]",,,2024-06-07 17:13:21.220612
"[{""path"": ""gradio_cached_examples/examples_image/Normal outputs/2b5a7f903f2ac42eda32/image.png"", ""url"": ""/file=/tmp/gradio/8b79228859c54572859809c127d74a7d56c70654/image.png"", ""size"": null, ""orig_name"": null, ""mime_type"": null, ""is_stream"": false, ""meta"": {""_type"": ""gradio.FileData""}}, {""path"": ""gradio_cached_examples/examples_image/Normal outputs/ee41f17b7044ff586847/015-libary2_normal_colored.png"", ""url"": ""/file=/tmp/gradio/df2f6d5c34d50b4b7b0b95b8a0b213d92c6ec972/015-libary2_normal_colored.png"", ""size"": null, ""orig_name"": null, ""mime_type"": null, ""is_stream"": false, ""meta"": {""_type"": ""gradio.FileData""}}]",,,2024-06-07 17:13:22.446634
"[{""path"": ""gradio_cached_examples/examples_image/Normal outputs/07862ac96cb40fea7ec9/image.png"", ""url"": ""/file=/tmp/gradio/0987907ba3223b8ed5f82d14bb5b2dbb15a46fb1/image.png"", ""size"": null, ""orig_name"": null, ""mime_type"": null, ""is_stream"": false, ""meta"": {""_type"": ""gradio.FileData""}}, {""path"": ""gradio_cached_examples/examples_image/Normal outputs/7e87375769e0bf1c1403/016-living_room_normal_colored.png"", ""url"": ""/file=/tmp/gradio/c735df46b9fd5050f6749d1a6350483c5137e4ae/016-living_room_normal_colored.png"", ""size"": null, ""orig_name"": null, ""mime_type"": null, ""is_stream"": false, ""meta"": {""_type"": ""gradio.FileData""}}]",,,2024-06-07 17:13:23.269758
"[{""path"": ""gradio_cached_examples/examples_image/Normal outputs/7c381b4b6247806fdf08/image.png"", ""url"": ""/file=/tmp/gradio/913bd9a2478c8bcc63c3b5869f8b1d974bab75b4/image.png"", ""size"": null, ""orig_name"": null, ""mime_type"": null, ""is_stream"": false, ""meta"": {""_type"": ""gradio.FileData""}}, {""path"": ""gradio_cached_examples/examples_image/Normal outputs/7513dd3bad8d908824b1/017-libary3_normal_colored.png"", ""url"": ""/file=/tmp/gradio/92d85ac9b2fc693a6e9d1f9fe7b5b85102a9ff4a/017-libary3_normal_colored.png"", ""size"": null, ""orig_name"": null, ""mime_type"": null, ""is_stream"": false, ""meta"": {""_type"": ""gradio.FileData""}}]",,,2024-06-07 17:13:24.090117
"[{""path"": ""gradio_cached_examples/examples_image/Normal outputs/ff02654038ed920bf4ed/image.png"", ""url"": ""/file=/tmp/gradio/11c7ba6bd5bafe840377c9c3cd125b6065821388/image.png"", ""size"": null, ""orig_name"": null, ""mime_type"": null, ""is_stream"": false, ""meta"": {""_type"": ""gradio.FileData""}}, {""path"": ""gradio_cached_examples/examples_image/Normal outputs/cf107641de063e2eebec/018-643D6C85FD2F7353A812464DA0197FDEABB7B6E57F2AAA2E8CC2DD680B8E788B_normal_colored.png"", ""url"": ""/file=/tmp/gradio/7e281eb2cdde44c9581eee42dcc5cf05d12ca476/018-643D6C85FD2F7353A812464DA0197FDEABB7B6E57F2AAA2E8CC2DD680B8E788B_normal_colored.png"", ""size"": null, ""orig_name"": null, ""mime_type"": null, ""is_stream"": false, ""meta"": {""_type"": ""gradio.FileData""}}]",,,2024-06-07 17:13:24.809900
"[{""path"": ""gradio_cached_examples/examples_image/Normal outputs/c9b1942e693ae418a041/image.png"", ""url"": ""/file=/tmp/gradio/fb71ce2906fa1673119eb9cc0164cd366a228012/image.png"", ""size"": null, ""orig_name"": null, ""mime_type"": null, ""is_stream"": false, ""meta"": {""_type"": ""gradio.FileData""}}, {""path"": ""gradio_cached_examples/examples_image/Normal outputs/84587d2e72fd9fe34063/019-1183760519562665485_normal_colored.png"", ""url"": ""/file=/tmp/gradio/c6ab27d921b9221c7c381a4ee4099de5512fb181/019-1183760519562665485_normal_colored.png"", ""size"": null, ""orig_name"": null, ""mime_type"": null, ""is_stream"": false, ""meta"": {""_type"": ""gradio.FileData""}}]",,,2024-06-07 17:13:25.586718
"[{""path"": ""gradio_cached_examples/examples_image/Normal outputs/774f8a8ece45f7178a95/image.png"", ""url"": ""/file=/tmp/gradio/f836bfb51850d4fa5982006898fd1e27b1c842db/image.png"", ""size"": null, ""orig_name"": null, ""mime_type"": null, ""is_stream"": false, ""meta"": {""_type"": ""gradio.FileData""}}, {""path"": ""gradio_cached_examples/examples_image/Normal outputs/e7524938e9e0682f1f7f/020-A393A6C7E43B432C684E7EEA6FFB384BCA0479E19ED148066B5A51ECFB18BA43_normal_colored.png"", ""url"": ""/file=/tmp/gradio/d2cf07fdc7583e51d1bcead8a356c435899a1b46/020-A393A6C7E43B432C684E7EEA6FFB384BCA0479E19ED148066B5A51ECFB18BA43_normal_colored.png"", ""size"": null, ""orig_name"": null, ""mime_type"": null, ""is_stream"": false, ""meta"": {""_type"": ""gradio.FileData""}}]",,,2024-06-07 17:13:26.304704
"[{""path"": ""gradio_cached_examples/examples_image/Normal outputs/2df5938428cba5809166/image.png"", ""url"": ""/file=/tmp/gradio/9cfb51d0ccd4a4d667f78dd42195a562f84224b4/image.png"", ""size"": null, ""orig_name"": null, ""mime_type"": null, ""is_stream"": false, ""meta"": {""_type"": ""gradio.FileData""}}, {""path"": ""gradio_cached_examples/examples_image/Normal outputs/aa80f100c63188bd4971/021-engine_normal_colored.png"", ""url"": ""/file=/tmp/gradio/8c5be92f4a347763c905dd30d6319c0e12218173/021-engine_normal_colored.png"", ""size"": null, ""orig_name"": null, ""mime_type"": null, ""is_stream"": false, ""meta"": {""_type"": ""gradio.FileData""}}]",,,2024-06-07 17:13:27.146373
"[{""path"": ""gradio_cached_examples/examples_image/Normal outputs/98ce4455c8d045d07bcc/image.png"", ""url"": ""/file=/tmp/gradio/a6a774cf2b75704d0ef6bf9131cd3d4a3644123e/image.png"", ""size"": null, ""orig_name"": null, ""mime_type"": null, ""is_stream"": false, ""meta"": {""_type"": ""gradio.FileData""}}, {""path"": ""gradio_cached_examples/examples_image/Normal outputs/50a79aa9ed23e935a0b8/022-doughnuts_normal_colored.png"", ""url"": ""/file=/tmp/gradio/a6f5099a4f14523e184c34e5b7131c6f5353ca81/022-doughnuts_normal_colored.png"", ""size"": null, ""orig_name"": null, ""mime_type"": null, ""is_stream"": false, ""meta"": {""_type"": ""gradio.FileData""}}]",,,2024-06-07 17:13:28.079348
"[{""path"": ""gradio_cached_examples/examples_image/Normal outputs/7ba7b53b4b80017d39da/image.png"", ""url"": ""/file=/tmp/gradio/16d20f60c048b3553cc44ae82f3fb565ed50f96f/image.png"", ""size"": null, ""orig_name"": null, ""mime_type"": null, ""is_stream"": false, ""meta"": {""_type"": ""gradio.FileData""}}, {""path"": ""gradio_cached_examples/examples_image/Normal outputs/998478452d18a68bb555/023-pumpkins_normal_colored.png"", ""url"": ""/file=/tmp/gradio/3ce3116d55ab05559c80673802400528402cf7df/023-pumpkins_normal_colored.png"", ""size"": null, ""orig_name"": null, ""mime_type"": null, ""is_stream"": false, ""meta"": {""_type"": ""gradio.FileData""}}]",,,2024-06-07 17:13:32.121651
"[{""path"": ""gradio_cached_examples/examples_image/Normal outputs/e239de725f696c7072a0/image.png"", ""url"": ""/file=/tmp/gradio/4a71147cbfd7fe9082d93a0f748e32f33e8ab249/image.png"", ""size"": null, ""orig_name"": null, ""mime_type"": null, ""is_stream"": false, ""meta"": {""_type"": ""gradio.FileData""}}, {""path"": ""gradio_cached_examples/examples_image/Normal outputs/ed5a8c2855d4ef4a268a/024-try2_normal_colored.png"", ""url"": ""/file=/tmp/gradio/3857a2360e9e5a6819bffe5fdbfd0598e10cb967/024-try2_normal_colored.png"", ""size"": null, ""orig_name"": null, ""mime_type"": null, ""is_stream"": false, ""meta"": {""_type"": ""gradio.FileData""}}]",,,2024-06-07 17:13:32.875720
"[{""path"": ""gradio_cached_examples/examples_image/Normal outputs/8c3cfa991f91b65ab51b/image.png"", ""url"": ""/file=/tmp/gradio/a5088eba2e8977974102771d904c5a83cadeeee8/image.png"", ""size"": null, ""orig_name"": null, ""mime_type"": null, ""is_stream"": false, ""meta"": {""_type"": ""gradio.FileData""}}, {""path"": ""gradio_cached_examples/examples_image/Normal outputs/1ba0b761363eeca0f180/025-try3_normal_colored.png"", ""url"": ""/file=/tmp/gradio/2b225fd51ab238945e0fd4643192514a6bc7880c/025-try3_normal_colored.png"", ""size"": null, ""orig_name"": null, ""mime_type"": null, ""is_stream"": false, ""meta"": {""_type"": ""gradio.FileData""}}]",,,2024-06-07 17:13:33.631496
"[{""path"": ""gradio_cached_examples/examples_image/Normal outputs/ca14ec9d60d1db9b94cc/image.png"", ""url"": ""/file=/tmp/gradio/009a02a03140ff8a7e2a2aec546fa087df96b6c4/image.png"", ""size"": null, ""orig_name"": null, ""mime_type"": null, ""is_stream"": false, ""meta"": {""_type"": ""gradio.FileData""}}, {""path"": ""gradio_cached_examples/examples_image/Normal outputs/9533573529abd2226eb3/026-try4_normal_colored.png"", ""url"": ""/file=/tmp/gradio/6a77204edf47ca68e447d6a938f348cf6f5d6a25/026-try4_normal_colored.png"", ""size"": null, ""orig_name"": null, ""mime_type"": null, ""is_stream"": false, ""meta"": {""_type"": ""gradio.FileData""}}]",,,2024-06-07 17:13:34.356845
